{
  "pairwise": [
    [
      1.0,
      0.46194225721784776,
      0.43774574049803405
    ],
    [
      0.49081364829396323,
      1.0,
      0.6012738853503184
    ],
    [
      0.4508519003931848,
      0.6140127388535032,
      1.0
    ]
  ],
  "medoid_run": 2
}
